{"Training Score": 0.05118976204759048, "Test Score": 0.05118976204759048, "_runtime": 529, "_timestamp": 1644585452, "_step": 19, "_wandb": {"runtime": 544}}