{"Training Score": 0.5792841431713657, "Test Score": 0.5792841431713657, "_runtime": 190, "_timestamp": 1644591907, "_step": 9, "_wandb": {"runtime": 203}}