{"Training Score": 0.599006446640769, "Test Score": 0.5943761716309103, "_runtime": 986, "_timestamp": 1644589224, "_step": 23, "_wandb": {"runtime": 1025}}