{"Training Score": 0.050781616138472596, "Test Score": 0.05082274526140387, "_runtime": 969, "_timestamp": 1644586665, "_step": 23, "_wandb": {"runtime": 1010}}