{"Training Score": 0.5725533488163801, "Test Score": 0.573213913767965, "_runtime": 955, "_timestamp": 1644588088, "_step": 23, "_wandb": {"runtime": 988}}