{"Training Score": 0.9834406048865838, "Test Score": 0.9782554361409648, "_runtime": 238, "_timestamp": 1644834934, "_step": 21, "_wandb": {"runtime": 241}}