{"Training Score": 0.5724759940844425, "Test Score": 0.5715237857202367, "_runtime": 910, "_timestamp": 1644584530, "_step": 56}