{"Training Score": 0.9595067488751875, "Test Score": 0.9610129956681106, "_runtime": 7, "_timestamp": 1646044407, "_step": 0, "_wandb": {"runtime": 10}}