{"Training Score": 0.9597782874359503, "Test Score": 0.9599270418158481, "_runtime": 27878, "_timestamp": 1645831582, "_step": 71}