{"Training Score": 0.5723554713129693, "Test Score": 0.5730056238283691, "_runtime": 793, "_timestamp": 1644590127, "_step": 23, "_wandb": {"runtime": 830}}