{"Training Score": 0.5628944572892582, "Test Score": 0.5638590352411897, "_runtime": 420, "_timestamp": 1644836547, "_step": 21, "_wandb": {"runtime": 427}}